{
  "timestamp": "2025-03-04T15:57:45.506Z",
  "environment": {
    "node": "v23.9.0",
    "platform": "darwin",
    "arch": "arm64",
    "cpus": 8
  },
  "tests": {
    "create_small": {
      "durationMs": 0.953916,
      "memoryDelta": {
        "rss": 0.15625,
        "heapTotal": 0,
        "heapUsed": 0.1587066650390625
      }
    },
    "create_medium": {
      "durationMs": 6.848209,
      "memoryDelta": {
        "rss": 1.234375,
        "heapTotal": 0,
        "heapUsed": 1.3188629150390625
      }
    },
    "create_large": {
      "durationMs": 40.083459,
      "memoryDelta": {
        "rss": 4.515625,
        "heapTotal": 2.71875,
        "heapUsed": -3.6714630126953125
      }
    },
    "json_export_small": {
      "durationMs": 0.573458,
      "memoryDelta": {
        "rss": 0,
        "heapTotal": 0,
        "heapUsed": 0.049041748046875
      }
    },
    "graphml_export_small": {
      "durationMs": 2.958666,
      "memoryDelta": {
        "rss": 0.078125,
        "heapTotal": 0,
        "heapUsed": 0.91583251953125
      }
    },
    "json_export_medium": {
      "durationMs": 3.0735,
      "memoryDelta": {
        "rss": 0.25,
        "heapTotal": 0.25,
        "heapUsed": 0.46306610107421875
      }
    },
    "graphml_export_medium": {
      "durationMs": 30.310959,
      "memoryDelta": {
        "rss": 1.140625,
        "heapTotal": 0,
        "heapUsed": 8.418006896972656
      }
    },
    "json_export_large": {
      "durationMs": 15.830542,
      "memoryDelta": {
        "rss": 4.140625,
        "heapTotal": 1.28125,
        "heapUsed": 2.266326904296875
      }
    },
    "graphml_export_large": {
      "durationMs": 71.3745,
      "memoryDelta": {
        "rss": 5.109375,
        "heapTotal": 4.71875,
        "heapUsed": -0.30835723876953125
      }
    }
  }
}