{
  "timestamp": "2025-03-04T15:56:35.730Z",
  "environment": {
    "node": "v23.9.0",
    "platform": "darwin",
    "arch": "arm64",
    "cpus": 8
  },
  "tests": {
    "create_small": {
      "durationMs": 0.875625,
      "memoryDelta": {
        "rss": 0.015625,
        "heapTotal": 0,
        "heapUsed": 0.15837860107421875
      }
    },
    "create_medium": {
      "durationMs": 5.83425,
      "memoryDelta": {
        "rss": 0.03125,
        "heapTotal": 0.25,
        "heapUsed": 1.3237838745117188
      }
    },
    "create_large": {
      "durationMs": 30.841917,
      "memoryDelta": {
        "rss": 3.625,
        "heapTotal": 3.96875,
        "heapUsed": -2.8552093505859375
      }
    },
    "json_export_small": {
      "durationMs": 0.351,
      "memoryDelta": {
        "rss": 0,
        "heapTotal": 0,
        "heapUsed": 0.04897308349609375
      }
    },
    "graphml_export_small": {
      "durationMs": 1.8305,
      "memoryDelta": {
        "rss": 0.078125,
        "heapTotal": 0,
        "heapUsed": 0.8925552368164062
      }
    },
    "json_export_medium": {
      "durationMs": 1.9975,
      "memoryDelta": {
        "rss": 0.328125,
        "heapTotal": 0.25,
        "heapUsed": 0.465118408203125
      }
    },
    "graphml_export_medium": {
      "durationMs": 11.478625,
      "memoryDelta": {
        "rss": 4.4375,
        "heapTotal": 4.5,
        "heapUsed": 0.6265029907226562
      }
    },
    "json_export_large": {
      "durationMs": 9.044875,
      "memoryDelta": {
        "rss": 4.34375,
        "heapTotal": 1.28125,
        "heapUsed": 2.2891387939453125
      }
    },
    "graphml_export_large": {
      "durationMs": 49.413166,
      "memoryDelta": {
        "rss": 4.796875,
        "heapTotal": 4.46875,
        "heapUsed": -0.28204345703125
      }
    }
  }
}